transcripcion,efectiva,resultado_original,Tipo_Llamada
"Hola, buenas tardes. Sí señora. Estamos hablando con Liana, estamos comunicando para el médico de domicilio. ¿Cómo estás? Muy bien. Y está listo. Confirma que en este momento ya tenemos disponibilidad. Más o menos se demoran entre una a dos horas. Normalmente ellos llegan antes, pero es el tiempo estimado por temas de tráfico, por temas de gima y demás. ¿Listo? Muchas gracias, lo viste. No con todo gusto. La primera persona que va a ser la adutora que va a dirigir a tu hijo va a ser... Liliana Fernandez. Dice para que lo tenga súper frente. Sí, Liliana Fernandez. Sí, Liliana Fernandez. Y quería confirmar contigo el nombre de tu hijo, por favor. Lilian Daniel Andrade. Lilian Daniel Andrade. Andrade Romero. Romero. Muchas gracias. Con gusto. Erika, ¿es que ya me he directamente a la señora Rosa o tú te cargas de darle la información? y como sea mejor o sea igual yo no estoy con él entonces pues él manifestará sus dolores en su momento igual el médico me llama ¿si? si claro que si no tengo si es por eso igual nosotros le entregamos fue el número de teléfono de la señora rosa quien es la que va a abrir la puerta de todas maneras yo me voy a comunicar en este momento con la señora rosa como para brindarle también la información ustedes queden tranquilos un minutito yo la llamo y digo que tu la vas a llamar Muchas gracias.",0.0,Contactado,Saliente
"¿De dónde? ¿De dónde? ¿De dónde? ¿De dónde? ¿De dónde? ¿De dónde? ¿De dónde? ¿De dónde? ¿De dónde? ¿De dónde? ¿De dónde? ¿De dónde? ¿De dónde? ¿De dónde? ¿De dónde? ¿De dónde? ¿De dónde? ¿De dónde? ¿De dónde? ¿De dónde? ¿De dónde? ¿De dónde? ¿De dónde? ¿De dónde? ¿De dónde? ¿De dónde? ¿De dónde? ¿De dónde? ¿De dónde? ¿De dónde? ¿De dónde? ¿De dónde? ¿De dónde? ¿De dónde? ¿De dónde? ¿De dónde? ¿De dónde? ¿De dónde? ¿De dónde? ¿De dónde? ¿De dónde? ¿De dónde? ¿De dónde? ¿De dónde? ¿De dónde? ¿De dónde? ¿De dónde? ¿De dónde? ¿De dónde? ¿De dónde? ¿De dónde? ¿De dónde? ¿De dónde? ¿De dónde? ¿De dónde? ¿De dónde? Ok, perfecto. ¿Qué opinas, Juan?",0.0,Sin Clasificar,Entrante
"¿Cómo está, señor Isabel? Hola, buenas tardes. Me comunico con la señora Isabel. Señora. Señor Isabel, me presento. Mi nombre es Paurel Lampreza, seleccioné soluciones. ¿Cómo estás? Bien. Me alegra muchísimo el escuchado. Esto, señor Isabel, es vuestro principal de mis llamadas. ¿Por qué no la acabas de decir? Por WhatsApp. No, yo no escrito nada No, es una gran mentira porque mi mamá no se enescreve en el celular yo te digo mamá No, no estamos...",0.0,Contactado,Saliente
"Buenas tardes. Buenas. Me comunico con la señora Katia. Sí, mírame. Señora Kostya, me presento. Mi nombre es Paula Lampeta. Queridísimas soluciones. ¿Cómo estás? ¿Cómo te encuentras? Muy bien, gracias. Bien, bien. Me alegra mucho. Me escuchas, señora Katia. El motivo principal de mi llamada es pedirle a Dios nos escribiste, mostrando el interés en el Plan de Caluz. Y si lo haces, el Plan de Caluz es para ti, para algún familiar. No, es... Esto es para mí. Me estaba mirando. Y entonces no... No tenía que consultar con mi hijo. Porque, por lo menos, como yo soy diabética, no sé... No, puedo usar como cocombiando medicamento, pero me estuvo bien eso, pero yo les doy como el teléfono también a un médico que me está reviendo. Ok, perfectamente. Casi, señora, casi hay un dicambio de 5 entras, 3 segundos para poder brindar más información sobre el plan. y ahora mismo estoy aquí en la ciudad de Bogotá. en el plato y las 24, ¿vale? También es tan que sería orientarse a usted en la telefónica y tienes la opción de ambulancia por urgencia u un evento al año. Y yo solo le define si tienes alguna duda que te parece. ¿En cuánto me está saliendo esto? El plano actualmente es el de 79.096, al momento que tus actividades que te entregan lo que serían las seis asistencias. Y lo puedes empezar a plazar después de las 24 horas de haber realizado el final. Ah, claro, que bien. Sí, señora. Muy bueno. Y lo mejor de eso es que tú lo pagas de manera mensual. Sí, lo pideis. Sí, señora. Ya en esta casa, ya acá, tú me invitas cómo te queda mejor realizar el paso. Si por nexia, el plato, el carneto, el cipeto, el tosillo... No, no, no, no, no, no, no, no, no, no, no, no, no, no, no, no, no, no, no, no, no, no, no, no, no, no, no, no, no, no, no, no, no, no, no, no, no, no, no, no, no, no, no, no, no, no, no, no, no, no, no, no, no, no, no, no, no, no, no, no, no, no, no, no, no, no, no, no, no, ¿Tú me indicas en qué momento me podés volver a comer? ¿Un día mañana para que se sienta más? Claro, está, tú me puedes llevar mañana para que podés ir a los sitios y entonces pues ahí ya se muere y es muy bueno que me vea el médico de mi médico aquí en la casa, verdad. Claro, porque tú no tienes que ir a solo sitios a las 3, 4 horas para que te atiendan, ya es que ni lo atienden a uno, sino que es de la comida, es tu casa, va a ir el mes y va a atenderte, es algo muy bueno. Sí, lo siento. Aquí, miramos, yo no serví aquí. Yo tengo apenas tres meses de estacionamiento, no he venido a ninguna casa. Sí. Ni de ese estado. Hasta ahora, le gustaría problemar que yo no me ayude porque se está viendo, ¿verdad? Es que aquí es como que por un mes, o, no sé, aquí es como muy confortable. Sí, es que la vida de hoy en día es un poquito complicada, como te dices. Y no hay más en la testa. y ya después de las 24 horas ya puedes empezar a sacar tu primera cita bueno, sacar la primera cita no es solo que ya te puede dar el doctor te puede dar un diagnóstico con un tipo atrío claro, claro, son muy buenos, le suena, pero si le voy a hablar con ella eso y eso se ayuda mañana, ya está conmigo vale, entonces mañana hasta la misma hora yo vuelvo a comunicar contigo, ¿vale? sí, sí, vanita, bueno, salvo, mira más, gracias Lola Gracias.",0.0,Contactado,Saliente
"Aló, muy buenos días. Me estoy comunicando, por favor, con el señor Antonio Pérez. Sí, con el mismo. Buenas días. Señor Antonio, mucho gusto. Soy Jennifer Rodríguez, de SLTN. Me estoy contactando contigo por un registro que hiciste a través de Facebook, solicitándonos información para el plan asistencial de mascotas. Me comunico por este medio para poder brindar toda la información necesaria, ¿vale? Sí, pero no, yo no he hecho ninguna para el plan asistencial de mascotas. para mascotas, no he hecho nada de ese programa. ¿Estás interesado en el plan asistencial para mascotas? No, gracias, muy bien. ¿De pronto estás interesado en el plan asistencial? No. ¿Para salud, para el hogar? No, gracias, no, muy bien, porque no te estoy interesando. ¿Por qué no te visitaste en el registro? Bueno, gracias, muy bien. ¿Por qué no te visitaste en el registro?",0.0,Rechazado,
"Hola, buenas tardes. Me estoy comunicando a la universidad de Lacuna. Sí, no, no, sí, ahora somos una empresa aliada, pero quiero expresarles lo que son las eficiencias médicas, psicológicas, entre otras. Ah, no, pero, digamos, con ellos a qué número me puedo comunicar. Es que tengo como ayudas de la metodología que ellos manejan. No, no manejamos contacto directo con ellos. Yo tengo acá un número registrado, no sé si en esa línea le puedan ayudar, sin embargo, que si me dice otro idioma. El indicativo es 601. El indicativo es 601 de Bogotá. Y la línea fija es 307. Sí, señora. Listo, muchas gracias. Dale como les pongo. Bueno, sí, señora, que está muy bien. Gracias, chao.",0.0,Contactado,Entrante
aló señor iban buenos días nuevamente con chaván chatre de selectinés hola iban como está bien señor quería saber si el servicio de seguridad se finaliza de manera correcta o de pronto hay alguna novedad no ninguna novedad si señor muchas gracias todo en orden listo si señor entonces quedamos atentos ante cualquier novedad a lo que le podamos colaborar muy males muchas gracias hermano que esté muy bien hasta luego,0.0,Sin Clasificar,
"Hola. Hola, muy buenas noches. Le hablé de Miranda. fuera de esa contamos con disponibilidad de 5 a 6 de la mañana o de 8 a 9 de la mañana. En este caso, claramente teniendo en cuenta la solicitud de igual manera, se va a consultar con usted si desea agendar alguna de las dos disponibilidades o si podríamos proceder más bien con una orientación médica para que un médico nos ayude a validar el estado de salud de la paciente como se encuentra en este momento y asimismo nos informe si es posible que la paciente pueda esperar la llegada del médico o si es necesario un desplazamiento directamente a urgencias. Gracias, 308. Igualmente, gracias. Hasta luego.",0.0,Contactado,
"Hola. Hola, buenas tardes. ¿Cómo estás? ¿Cómo estás? ¿Me hablas? Sí, me hablas. ¿De qué como estás? Habla Mélanie Ramírez. Hace un rato nos estuvimos comunicando para el médico a domicilio. Quería validar contigo cómo te había ido con la asistencia de la profesional. Me ha ido bien, excelente. De acuerdo. Me da mucho gusto que te vayas a salir el mismo día. Sin embargo, recuerda que el día de mañana nos dos nos vamos a comunicar hasta con el fin de validar cómo si te saliera lista. De acuerdo. Bueno, con gusto.",0.0,Sin Clasificar,Saliente
"Aló Aló muy buenas tardes, tengo el gusto de contestarme con Gustavo Aló muy buenas tardes, tengo el gusto de contestarme con Gustavo para ti o para su familia, cuéntame, es correcto, tu cuarentena de registro?",0.0,Sin Clasificar,Saliente
"Este es el servicio de comunicadores de... ¿Alguna vez ha sido bien? Por favor, déjate un mensaje después de...",0.0,Sin Clasificar,Saliente
"Buenos días. Muy buenos días. Por favor, la señora Luz Adriana. Sí, señora. ¿Con ella hablan? Señora Luz, ¿cómo está? Me presento. Mi nombre es Melanie Ramírez. La estoy llamando de asistencias con Facundi. ¿Cómo se encuentra? Muy bien. Muchas gracias. Mi gusto. Señora Luz, el motivo de mi llamada era para validar el estado de salud de Juan Sebastián, ya que el día de ayer se solicitó un médico de domicilio y queríamos saber el día de cómo se encontraba él. Pues, como se comentaba, sufrió un accidente y lo que nos dice la hospital es que como el cuerpo el dedito no es una fractura. Entonces, esta no es una estremita y pues medicamente pues todavía tiene pues el morado la inflamación, pero yo creo que es como cuestión de darle tiempo para que si se empieza a desinflamar. Listo, perfecto, señora Luz Yontemano, pues agradezco mucho la información. Sin embargo, recuerde que si necesita alguna asistencia adicional para el menú, se puede volver a comunicar sin ningún problema. Listo. Ok, muchas gracias. Con todo gusto. Hasta luego, que estén muy bien.",0.0,Contactado,
"Hola, buenos días. Hola, muy buenos días. Me comunico con la señora Graciela. ¿La señora? Señora Graciela, me presenta mi nombre es Paulina, ¿me tienes alusiones como estas? ¿Cómo te encuentras? Bien, señora. Me alegra mucho, me lo he escuchado. Señora Graciela, el motivo principal de mi llamada es porque me has escrito por WhatsApp que te he dicho que mi información es sobre el plan de movilidad y se las ha exactamente el plan es para ti, para algún familiar, tienes carro, moto... No, no tengo ningún alabo. Ok, en este caso, señora Graciela, cada vez buscan información, de pronto para un plan de salud, mascotas, hogar, porque principalmente los que se aprenden movilidad. No, no, no, sí, tengo mi seguro. No, te imprisiones que no estamos hablando de la DPS sino que es un plan asistencial, ¿sí? Algo mejor que la DPS, señora Graciela. No, no, señora, muchas gracias. Es porque en este caso los escribiste y tú misma estás solicitando información. Ah, no, no. ¿Vos? ¿Vos? ¿Vos? ¿Vos? ¿Vos? ¿Vos? ¿Vos? ¿Vos? ¿Vos? ¿Vos? ¿Vos? ¿Vos? ¿Vos? ¿Vos? ¿Vos? ¿Vos? ¿Vos? ¿Vos? ¿Vos? ¿Vos? ¿Vos? ¿Vos? ¿Vos? ¿Vos? ¿Vos? ¿Vos? ¿Vos? ¿Vos? ¿Vos? ¿Vos? ¿Vos? ¿Vos? ¿Vos? ¿Vos? ¿Vos? ¿Vos? ¿Vos? ¿Vos? ¿Vos? ¿Vos? ¿Vos? ¿Vos? ¿Vos? ¿Vos? ¿Vos? ¿Vos? ¿Vos? ¿Vos? ¿Vos? ¿Vos? ¿Vos? ¿Vos? ¿Vos? ¿Vos? ¿Vos? ¿Vos?",0.0,Contactado,Saliente
"¿Aló? ¿Aló? ¿Me buenas tardes? Buenas. Mucho gusto, es que hace poco nos comunicamos con un señor Rodrigo Marín comentándonos que como se dice, cuanto a interesantes van a asistir para más frutas, ¿Claro? Sí, mírame. Sí, pero él él él le dice que escogió a mi y me empezaron a hablar en inglés, entonces él me le dio como es conciencia. Y me dijo no, y tal, eso no es en fin, y le dió una escasa que se nos da cuenta y yo le di a como así, que no me acuerdo. Sí, lo que pasa es que yo ahorita me comuniqué con él vía llamada telefónica. Entonces, en este caso pues me comentó que pues si se encontró interesada en eso, plan asistencial pues para la mascota y que su mes estaba valiando, digamos, como, eh, gente para vendernos todos los, los, pues los datos de la mascota para hacer la respectiva activación. ¿Cuál es el caso? Sí, pero yo le dije que hasta el sábado no podía. Hasta el sábado? Sí, acuérdese que yo le dije que hasta el sábado. Vale, dice. Sábado, pues está el señor, yo... y me comunico con ustedes y... y... y acabamos el video. Vale, de igual manera yo agente al señor Rodrigo Marín. Sí. En este caso, pues yo me comunicaría con él el sábado y si se gustan, pues los dos... Entonces, a través de este medio el sábado, si se encuentran los dos, mejor para hacer ambos, pues, todas las evaluaciones, en los dos centros, que es algo muy seguro. De igual manera, no se repapelen ningún tipo de actos en sí, pero así se encarce un poco más tranquilo sobre ese lado. Claro. porque el que crece a ese hombre... Ah, vale, listo, no es delgado, entonces el sábado me comunicaría nada más que a ustedes, ¿vale? Háganle que lo haga. Bueno, les agradezco mucho que tengan un excelente día, hasta luego. Igualmente.",0.0,Contactado,Saliente
"alo muy avanzante por por el señor Humberto Puentes con el Humberto como estas? te hablame de mi Ramirez de asistencia sonfocundi como te encuentras? hola señorita como estas? muy bien gracias tu como estas? pues a mi recuperando maravilloso si Humberto el motivo de mi llamar como te haces para olvidar como sigues de salud? como te sientes? tienes alguna novedad? no pues a mi te estoy a reposo todavía porque que ayer vino la de y me valoró bien que tuviera más de un reposo porque estaba estresada. Bueno, de todas maneras recuerda que si llegas a necesitar nuevamente el servicio, te puedes volver a comunicar sin ningún problema, ¿listo? Listo, mi reino, muchas gracias. Bueno, con todo gusto, claro que tengas un buen día, cero.",0.0,Contactado,Saliente
"Hola ¿Tienes una llamada para el transcurso de las 11.30? Y me puedes hacer enterrar la llamada, ¿ok? Uh-huh. Ok. Dale, miren, este tiene su suerte.",0.0,Sin Clasificar,Entrante
"Habéis tenido un correo directo que te han indicado que tenés a por ciento por ciento de descuento en cualquiera de los libros que manejamos nosotros por su experiencia del ángel. Sí, y nos teníamos que encontrar como el de Mascote, a lo mejor aquí. no era, porque toda la idea es que... ¿Cuántos años tenías tu matruta? ¿O sea que solo retenes la narquita por el tener que ir a la iglesia? y los bloggers que están en el transporte. y Si, directamente eso es lo que incluye el plan, por entre 19 y 30 meses lo puedes obtener, pero ya lo que es la limpieza ahora ya sería parte. Ah, no, ya sabes que es la limpieza ahora, por eso. En este momento se desconectó el proceso, por eso. No, ya la limpieza sería parte ahí también, pero si esto que viene de la CUN, pues mira que se queda súper económico. Por que igual la parte de la limpieza ahora es por eso. Yo le estoy buscando una de esas dinarias para que me haga la... la lente. de la izquierda que tengo lo demás, si nada, es como un tráiler. Sí, está bien, entonces voy a anunciar el sistema y si te vuelves a convocarte ya miramos si es cuando está el buonosco, cuando esté abriendo la universidad, ¿listo? Ok. Listo, vale, pues luego.",0.0,Contactado,Saliente
"Hola, buenas noches Hola, ¿cómo estás? Muy bien, gracias. Disculpa, me hace un par de minutos tu comunicación con él o con el señor Juan Pablo. Sí. De acuerdo, le comenté que me estaba notificando la profesional que la señora Erika no compre. Ah, bueno, entonces sería que después te me puedes marcar a mí. Sí, claro que sí. Perfecto, ya entrego entonces tu nombre. Dale, te agradezco. Bueno, con todo el gusto.",0.0,Contactado,Saliente
"Hola, Diana, ¿cómo está? Estaba en la estandardana. Estaba en la estandardana. Casa o conjunto? Es una urbanización. ¿Cómo se llama? Parque Real 1. ¿Parque Real 1? Tunal. Perfecto. Una urbanización se llama Parque Real 1, Tunal. Sí, sí, señora. Tienes al bestor... Al lado del parque, ese Tunal. Tienes al bestor, número de casa, apartamento. Eso es... Lo que... Espera un segundo. Tranquilo, no te preocupes. Tómate su tiempo y ya te suelo. Interior 32, 301. Parque Améxico, 301. Interior 32. Perfecto. Entonces en este momento voy a validar disponibilidad y más o menos entre 5 a 10 minutos me comunico nuevamente contigo para indicar qué tiempo ya arribó el profesional y nombre del profesional. ¿Listo? Vale. Muchas gracias. Con todo gusto. Claro que sí. Te deseo que te colaboren en algo más que entras tanto. Bueno, con todo gusto. ¿Qué tal? Moina, ¿qué te parece?",0.0,Contactado,Saliente
"Buenas tardes, bienvenida a la línea de tele, tiene soluciones, le hablaba Daniela Angelo si en que le puedo colaborar Hola Daniela, me ha dado una prueba, le he desladado contigo, no le hay soluciones Es que me aparece solo asistencia médica Vale, va a mirar ahora Vale, gracias",0.0,Sin Clasificar,Entrante
"Hola, buenas tardes. Hola, buenas tardes. Hola, habló con Andrés, ¿es la tía Ároga? Sí. Hola, Andrea, ¿cómo estás? Te habló a Melanie Ramírez, ¿se le tiene soluciones, cómo te encuentras? Bien, gracias. Me da muchísimo gusto. Andrea, de antemano, primero quiero sumarizar contigo la asistencia con el profesional. Queríamos validar si la asistencia hoy de de manera correcta, si te trataron bien, si pudiste consultarles o salir de dudas. No mucho, pero él me dijo que iba a remitir para que viniera alguien aquí al trabajo, al trabajo, al, al, al, al, al, al, al, al, al, al, al, al, al, al, al, al, al, al, al, al, al, al, al, al, al, al, al, al, al, al, al, al, al, al, al, al, al, al, al, al, al, al, al, al, al, al, al, al, al, al, al, al, al, al, al, al, al, al, al, al, al, al, al, al, al, al, al, al, al, al, al, al, al, al, al, al, al, al, al, al, al, al, al, al, al, al, al, al, o Santa Anderpiz o 3. Así es. Listo, de acuerdo. Entonces, en este momento voy a evaluar la disponibilidad y entre 5 a 10 minutitos me estaría nuevamente comunicando contigo para indicarte el tiempo de arriba del profesional y el nombre del profesional. ¿Listo? Eres muy amable. Muchas gracias. Con todo gusto. Claro que sí, Andrea. Que estés muy bien.",0.0,Contactado,
"Hola, muy buenas tardes, tengo que convicarme con Sujay Pérez. Me parece bien. Mucho gusto, Sujay, te saludé a alguien de los 5, que es el de QN, ¿soluciones como estás? Hablo con la tía. Ah, ok, perfecto, en este caso, me voy a confirmar en qué momento la Carlosito ya volverá a contactar con ella, la que es para reanudar, y es para mantener en el disfro nuestro plan asistencial para mascotas. Ella dejó el registro en una pregunta publicaria que nosotros le estamos en Facebook y ya dejo el registro de vuestra información. No señor, yo le doy la razón, muchas gracias. Dale, papá que leo, dale, sabe, usted tenga suerte.",0.0,Contactado,Saliente
"Hola, buenos días, hablás con Ferly de Navidad. Sin embargo, nosotros no trabajamos directamente en Compacom, bien, son cursos que te puedo brindar de... Ah, bueno, estamos en... ¿Cómo? Perdón. Directamente de Compacom, bien, para que los puedas...ar y ellos te puedan asesorar para poder apuntar a los dos menores a la caja de compensación. Ah, ok, perfecto, sí, claro. Listo, entonces te confirmo. ¿Tienes un venotaje? Sí. De acuerdo, entonces te confirmo, son dos números. El primero es netamente para llamar. Listo, es 300... 300... 912-1-71-60 te lo confirmo 3192-716-0 perfecto y te confirmo el whatsapp es 321-920-6691 te lo confirmo otra vez 321-920-6691 ay Galdi muchas gracias con todo gusto claro que si que tengas un buen día gracias igual",0.0,Venta,Entrante
"Buenos días. Hola, muy buenos días. Mase comunicando a la domicilia de la línea de asistentes. Sí. Mase comunicando con la asistente que estamos verificando la disponibilidad para el servicio médico domicilio. En este momento, mi licencia, tenemos falta de mandada de solicitudes, por lo que el servicio se podría prestar a las 3 y media de la tarde. OK. Perfecto. Unirte, entonces, vamos a proceder a agendar. Por favor, restar muy atenta a la línea celular, porque se estarían comunicando con usted en cualquier momento. ¿Listo? Vale, muchas gracias. ¿Puedo confirmar, por favor, la prensa de nacimiento del menor para la estereoclínica? 24 de febrero del 2023. Listo, perfecto. Muchas gracias por favor. Se lo pongo a la línea celular. Bueno, gracias a usted.",0.0,Rechazado,Saliente
"Su llamada ha sido enviada a un sistema de mensaje automático. No está disponible. Al decirlo, por favor, recorda su mensaje. Cuando hayas terminado de grabar, puedes levantarte o presionar 1 para más opciones.",0.0,Sin Clasificar,Entrante
"Aló, muy buenos días, mucho gusto, te saludé, Jimmy Rusin, que es el Echine Soluciones, ¿cómo estás? ¿De qué? Echine Soluciones, me comunico contigo, porque es un registro en Facebook, buscándole información sobre nuestro plan asistencial para mascotas, ¿te acordas del registro que realizaste? No, si no he registrado ningún registro. Mira, déjate comentar el registro a las 9.30 de la mañana, en este escenario, es un plan asistencial para tu ma... para tu mascota, ¿tú cuéntate qué mascota es? ¿Tienes más? ¿Nas? No, no. No me acuerdo de que te explique. Vale, me dice que no hay. Ok, entiendo. Me llamas después de tener vida más. Pero, pringas, gracias por estar.",0.0,Contactado,Saliente
"Hola, muy buenos días. Hola. Muy buenos días, me gusta contestarme con Carlos Alberto Soria. Sí, quién habla. Carlos, mucho gusto, te saludo, allí me dicen que seleccionas soluciones, ¿cómo estás? Muy bien. Sí, me alegra bastante que se den muy bien. Le estoy contestando contigo por gira sin registro, en Facebook gusta la información sobre nuestro plan de movilidad, gustaría variar, si usas para movilizarlo, sí. Ah, bueno, si no lo sabes, pero, o sea, Me gustaría como tiempo. ¿Qué me entiendes? ¿Será que mañana que estoy en pico y placa me puede meter a hablar? Yo no me duelo más de tres minutos de la información. Puedes con el tiempo, no sé, los minutos. O mira, te puedo compartir la información por WhatsApp, para que la pueda liar y así podamos ya lo que hable en proceso. ¿Te parece? Claro que sí. Claro que sí. Me encantaría ir dando la pregunta. y compartiré con usted las informaciones de nuestra asistencia del plan. Ya te confirmo. Ok. Listo, perfecto. Sí señor, corre si no lo hagas y comparte la información vía WhatsApp, ¿vale? Para que la puedas valer y... y vamos al proceso por ahí para que puedas atenderla además. En ese caso por este medio de donde está. ¿Listo? Me vamos a leer, gracias.",0.0,Venta,Saliente
"Después del tono, grabe su mensaje. Juan Pablo, muy buenas noches, me llamo Cristina de la Nivega, mi red es la que se comunica cuando ella tiene soluciones. El motivo de mi llamada es la probabilidad de dar como si ella estaba en salud. Luciana, el día de ayer se solicitó un médico, mi hija queríamos saber el día de ella como había amanecido. Recuerda que si tienes alguna novedad con respecto a servicios y necesitas que apoyamos en algo adicional, te puedes volver a comunicar sin ningún problema. Que es una excelente vida, hasta luego.",0.0,Sin Clasificar,Entrante
"Este número no es de él o en qué línea me puedo contactar con él? No, aquí. Aquí lo comunicamos dos, tres personas. Correcto, listo, sí señor. Entonces yo voy a contactarme con él que tengas una excelente día. Que estés bien, hasta luego. De parte de quién? De Celetina. De quién? De Celetina. Entendí. Bueno, gracias. Feliz día.",0.0,Rechazado,
"¿A lo bueno, tía? Sí. Mucho gusto hablar con tu banca, por desle, tiene que asistir. Estoy hablando con la señora Natalia Torres. ¿No te escuché de dónde? Desle tiene que asistir. Ah, sí. Lo que parece que me comunico para confirmar si asiste a la limpieza que tiene asignada para mañana. Sí, sí, tiene. Listo, perfecto. Entonces estaremos en contacto nuevamente mañana para recordar nuevamente la cita. Y, pues, ante cualquier novedad, estamos atentos.",0.0,Contactado,Saliente
"¿Halo, mi buenos días? ¿Halo, mi buenos días? y nos ha gustado mucho la notación que ha hecho el guay.",0.0,Sin Clasificar,Saliente
"Hola. Hola, muy buenas tardes. Me comunicó con la señora Liz Ber. Sí. Señora Liz Ber es mi presenta, mi nombre es Paola Lampestrán, ¿te la tienes soluciones? ¿Cómo estás? Pues así, bien queda. Me alegra mucho haber escuchado esto, señora Liz Ber. El motivo principal de mi llamada es porque me sacaste escribir por WhatsApp. Política mi información, es el plan asistencial para mí. ¿El plan es para ti o para alguna familia? y para una amiga. Para una amiga, ok. ¿Y qué vehículos tiene tu amiga? ¿Carro, moto? Pues no me ha dicho bien, seguro todavía acabo de salir y no sé todavía bien qué es lo que se quiere. Pero sé a mi vida. ¿Qué quiere? Volemos llamar para comunicarme con ustedes cuando yo ya vea bien lo que quiere, ¿sí? ¿Y ese número tiene WhatsApp, señora Liz Beren? Lo que yo le dije, hay mentiras, no sé nada de esto, es que ella la preguntó más con esto. O sea, tú me eres más que la víctima. Sí, yo tengo este teléfono pero no lo ocupo para nada, para nada, lo mencionan las ellas. Ok, vale, perfecto. A mí te das muy amableza, te lo diré hasta luego. Bien, bien, con la invitación, por favor, gracias.",0.0,Contactado,Saliente
"Hola, ¿cómo estás? Me presento, mi nombre es Melanie Ramirez, estoy comunicando y estoy haciendo soluciones. ¿Cómo te encuentras? Bien, gracias. Me da mucho gusto. Mariana, te va a quitar mucho tiempo y me has ido a mis llamaderas para avaliar cómo seguía Laura. Sí, se me da. Ya mejor, ya me ha llegado a registrar una pasta. Ya mejor. Listo, perfecto. Te agradezco mucha información, sin embargo, recuerda que si llegan a necesitar nuevamente las licencias se pueden volver a comunicar un problema. ¿Listo? Lista. Bueno, que tengas un buen día. Hasta luego.",0.0,Contactado,Saliente
"¿Aló? ¿Aló, sí? ¿Qué le va a saber? ¿Cómo nos lo creen? ¿Me dijo que lo asistió el día de hoy? Estuvo bien ¿Alguna novedad de la información? ¿Usted claro? Sí señor, todo fue claro De acuerdo, señor, el día de mañana se le va a dar contacto con usted con experiencia de saber cómo sigue el estado de salud ¿De acuerdo? Listo, sí señor Le deseo un buen día, que esté bien Vale, muchas gracias Con todo gusto",0.0,Sin Clasificar,
"Hola, muy buenos días. Buenos días. María, mucho gusto hablar con Nicolás Tobar, asistencia con Facundi. ¿Cómo? Hablas con Nicolás Tobar, asistencia con Facundi. Sí. El motivo mío es más que quiero saber cómo te encuentras de estado. ¿Sale el día de hoy? Bien, gracias. Adiós. Me alegra mucho. Recordarte también que la línea está disponible 24-7 para cualquier nada que puedas ayudar a presentar, ¿de acuerdo? Vale. Sí, un buen día. Pronta recuperación. Que estén muy bien. Gracias María. Gracias igualmente.",0.0,Contactado,Saliente
"Hola, hola, muy buenas tardes, tengo que contactar con Rodríguez. Sí, con él. Quiero mucho gusto que saludas y nos interese en el que tenés soluciones con estas. Muy bien, muchas gracias. Me comunico contigo porque a tu registro en Facebook buscan información sobre nuestro plan de salud, el cual se llama cuidar mi salud.",0.0,Sin Clasificar,Saliente
"Hola, buenas tardes. Hola, buenas tardes. ¿Hemos visto contactos con Rusaura? Hola, buenas tardes. ¿Hemos visto contactos con Rusaura? Sí, que todo pronto. Rusaura, ¿por qué no has estado contigo? Ok, entiendo. Mira, me he estado contigo porque en su registro en Facebook buscan información sobre nuestros planes asistenciales, complementarios. Todo bien. ¿Qué puede valer? ¿Cómo va a ser? Por favor, por allá me estoy atropellando.",0.0,Contactado,Saliente
"alo alo buenas tardes hola buenas tardes mucho gusto hablar con Johan Cáceres de la tele que no te asiste estoy hablando con la señora María Fernanda ¿ya? sí señora María Fernanda lo que pasa es que tenemos una solicitud de un traslado para Soran y Hernán del Garzón ¿y a dónde? no me indicaron si es a la tele de Acer nos va llevándose a Ligia para colaborarles con el vehículo no es una ambulancia Mira, lo que pasa es que yo voy a recogerla hasta en el... donde ya había servido inicialmente, pero no sé cuánto se demoren o si queda más fácil atenderla ahí y nosotros sí le vamos a acercar al centro mayor. Mira, lo que también me reportaron que lo recomendaba de eso es la opción de llevarla a un centro cínico donde hasta los clientes no se sitieran en el sitio. Espérame, yo hablo con Nígoma porque no se ha ido la mente media ¿Por qué me están esperando para llegar? No sé tú, ¿qué me recomiendas? Porque la verdad es que estado está esa. Mira, pues, a mí me notificaron que ella está intoxicada, pero no sabemos a la razón de qué. Pero, no sé si a cuánto tú estarías de llegar para coordinar el servicio de kaipai. Ya la única... Yo estaría llegando en... 15 por lejos 15 a 20 minutos a la universidad donde yo trabajo ¿Te parece que se te comunica nuevamente aproximadamente a las 15 para confirmar? Listo, si, segura, llámame a las 15 y cuarto y yo te digo que se acerque Listo, vale, entonces estaremos en comunicación Listo, gracias Con todo el gusto, hasta luego Vale, hasta luego",1.0,Contactado,Saliente
"Hola, muy buenos días, como dice cuando escarme con Nelson Castillo? Hola, escucho, estoy haciendo un semáforo, hablé mucho. Si lo recuerdo, lo saludas y me rucinqué, ese tiene soluciones, ¿cómo estás? Estoy haciendo un semáforo.",0.0,Contactado,Saliente
"El hotel La Fortuna habitación 307 No hay ningún problema, no hay ningún inconveniente. Perfecto, entonces le confirmamos a la persona que nos colabora, sin embargo, en cualquier una de las que suceda durante ese transcurso del tiempo se puede comunicar nuevamente con nosotros, ya verificaríamos cómo procede. Ok, no hay ningún inconveniente, muchas gracias. Con todo el gusto, hasta luego. Hasta luego, gracias.",0.0,Sin Clasificar,
"A mí no. Yo creo que se encargó un celular, hueá, que se lo recuerdo bien. El plan de movilidad nos enviaste un mensaje. ¿Qué servicios brindamos? Servicios de grúa, cambio de llantas, reinicio de batería y muchísimos más. ¿Estás interesado en este plan? Ah, no, no, disculpe. Lo que pasa es que el niño se encargó de un celular y fue que se metió donde no debía meter. Muy bien. Perfecto. ¿Tienes conocimientos de algún familiar, amigo? ¿Se encuentra interesado en planes asistenciales para mascotas, hogar, familiar, salud?",0.0,Contactado,
"Aló, muy buenas días, tengo el gusto de hablar con Javier Ramos. Aló, muy buenas días, finalizo ya más fuerte comunicación.",0.0,Sin Clasificar,Saliente
"Hola, buenas tardes. Hablo con Paula Andrea. ¿Qué tienen ahora? Paula, ¿cómo estás? Hablas con Melanina Noche. Nos comunicamos. ¿Cómo sigo para tu mamá? Hola, Melanina. ¿Cómo estás? ¿Qué tal? No, tranquila, no te preocupes. Paula, el motivo de mi llamada no te va a tardar mucho tiempo. El motivo de mi llamada no te va a tardar mucho tiempo. El motivo de mi llamada no te va a tardar mucho tiempo. El motivo de mi llamada no te va a tardar mucho tiempo. El motivo de mi llamada no te va a tardar mucho tiempo. El motivo de mi llamada no te va a tardar mucho tiempo. El motivo de mi llamada no te va a tardar mucho tiempo. El motivo de mi llamada no te va a tardar mucho tiempo. El motivo de mi llamada no te va a tardar mucho tiempo. El motivo de mi llamada no te va a tardar mucho tiempo. El motivo de puede estar bien tranquila y apoyada por nosotros. Bueno. Gracias. Les deseo un excelente día. Hasta luego.",0.0,Contactado,Saliente
"¿Es Marci? Sí, por... Permíteme por favor un momento. Mi servidor es por persona en línea, por favor, firma su número de documento. Dios, 75-598-622. Perfecto, permíteme por favor un momento más. Reacción. Te confirmo nombre completo, Ana Natalia Sánchez Reyes. Sí, señor. Te confirmo el número de teléfono al que le he tomado que es un sí hijo, 617-7856 ¿Te puedo dejar el número de... Sí, claro que sí. Por supuesto. Que es mejor. 312-498-6133 6173 Listo. 31333333333333333333333333333333333333333333333333333333333333333333333333333333333333333333333333333333333333333333333333333333333333333333333333333333333333333333333333333333333333333333333333333333333333333333333333333333333333333333333333333333333333333333333333333333333333333333333333333333333333333333333333333333333333333333333333333333333333333333333333 Ana Turi, Ana, Rayal Piso, Sanchez R, arroa, cum.edu.co. Te confirmo. Ana Rayal Piso, Sanchez R, arroa, cum.edu.co. Sí señorita. Listo, perfecto Ana. Entonces vamos a ver en este momento, yo ya me estoy comunicando directamente con el alguien cargada, las personitas que nos apoyan con estos códigos. y más o menos en unos 10 o 15 minutos yo misma te saldrá enviando un correo electrónico directamente a el mismo correo que tú me enviaste con toda la información que necesites ¿Listo? Listo, perfecto. Muy bien, con todo gusto.",0.0,Venta,Entrante
"Ah, no. Señora Melby, buenos días. Nuevamente he hablado con Joanne Catolli de asistencias con Facundi. Hola, Joanne, ¿cómo está? Muy bien. Yo con el servicio médico ya pasé. Así se le ha ayudado la doctora Méris García y estaré llegando entre una hora a dos horas. Perfecto. Perfecto. Claro que sí, mil gracias. Con todo el gusto. Hasta luego. Vale, Joanne. Feliz tarde. Chao.",0.0,Contactado,
"Aló, aló, aló. Aló, muy buenas tardes, se me gusta contactarme con auxilio del ACES. ¿A quiénes se senta? Mucho gusto, se saludó a Jimmy Gou, que es el de Tienes Soluciones, se me gusta comunicarme con auxilio del ACES. ¿Para qué la necesita? Me traté de contactarme con ella para explicarle y brindarle información sobre nuestro plan de movilidad, ya que ella dejó un registro a través de Facebook. No, no, muchas gracias, yo soy una vicenda y me No entiendo, no entiendo. En general, si yo te presento en este caso tú no te acuerdes de ver el registro, pero déjate como tal ese número telefónico, en este caso déjate tu número y aprecio. Gracias, gracias.",0.0,Contactado,Entrante
"Este es el servicio de contestador para 3-1-1-3-3-8-4-6-5-5. Por favor deja tu mensaje después de escuchar el sonido. Si necesitas volver a grabar presiona la tecla numeral. de la Fónica Linda al día de ayer. Igualmente queremos recordarle que la línea se da al día 24-7. En lo que podamos colaborar, no duden en contactarte con nosotros. Que tenga buen día.",0.0,Sin Clasificar,Saliente
"¿Qué es lo que le dices? Gracias. Pero es hacer registro en Facebook. ¿A qué causa es hacer registro? No, no, no es para una castellación, pero no. Ah, ok, entiendo. Vale, pero no es que no vale por hacer una mila más. Bueno, ya. Gracias.",0.0,Sin Clasificar,Saliente
"Hola, muy buenas tardes. Hola, muy buenas tardes. Hola, muy buenas tardes. Me gustó contactarme con Adriana Sánchez, Rica Orte. Adriana, me gustó el saludo de parte de S.L.T.N.S. Soluciones, ¿cómo estás? Muy feliz. Y gracias. Me gustó contactarme contigo porque haces un registro a través de Facebook, buscamos información sobre nuestro plan asistencial en ciclas de salud complementarias. Me gustaría que así te acuerdes del registro. que sí, cuéntanos. Ok, perfecto. Actualmente en qué ciudad resides, señora Adriana? Perdón? Actualmente en qué ciudad resides, señora Adriana? Medellín. Medellín, dale, perfecto. ¿Me puedes confirmar en ese caso si lo buscas solo para ti o para tu no-peo familiar? Sí, no sé, no-peo familiar, no sé. Ok, perfecto. Mérate conmigo. Este programa de asistencia está diseñado para ayudar a un control y prevención sobre la salud de las personas. Actualmente manejamos el servicio bajo las en este caso las duraciones 24 horas del día los 7 días de la semana manejamos varias asistencias 24-7 o sea que esto lo puedes obtener en un momento que tu lo necesites por ejemplo los 24 horas del día los 7 días de la semana también manejamos directamente asistencias que te vamos a brindar de respaldo o sea que sea puntual y sin tiempos de carencia ideales para pues a que ya sabemos que las CPS actualmente pues el sistema se redonde en Colombia se está colapsado prácticamente por el tema de interventiones y demás en este caso para una cita, un examen, algo así parecido tienes que esperar 3 o 4 semanas para que te puedan vender un servicio así, ¡correcto! mientras que con nosotros puedes hacer apps y servicios rápidamente sin tiempo de carencia y lo más importante, no vas a dejar como tal tu OPS, no tienes que dejarlo, no tienes que dejarla pero en este caso se te alinean con servicio adicional cualquier imagen diagnóstica, cita con especialista, cualquier otro servicio que tengas que hacer valida y se alinean al servicio, ¡y eso! ¿Trabajan con las EPS o son...? consulta con médico a homicidio Si señor, si, si lo entiendo Si, por favor, me das costos por favor por una sola persona es de 60 mil pesos pero pues se tiene una excelente noticia si tu te afilias hoy mismo que te puedo unir a que te quede el valor más económico y te queden tan solo 59 mil 19 ok y puedes afiliar otra persona afiliar un beneficiario por un costo más económico por los mismos privilegios si el beneficiario va a ser un negocio privilegio si el beneficiario se podría brindar un valor mínimo a los 59.900, que es el valor final que se podría brindar. Por las dos personas, ¿cierto? No, una persona por 59.900 y la otra persona que se desactiva por tan solo 46.900. Ah, ya. ¿Y esto sigue a ti la tarifa o no más por hoy? No, la tarifa sigue así. La tarifa sigue así por todos los siguientes meses. Por los 12 meses del año sigue la misma tarifa, no va a ser así. que pagar ningún valor adicional, ni otro valor específico. ¿Te puedes dar una respuesta? Sí, sí porque no estoy, no nos encontramos el día de mañana. OK, está hablando en ningún inconveniente, yo te comparto la información para que la puedas validar, en este caso puedes estar super atento. Sí, comparto la información al por su WhatsApp para que la valides y nos podemos contactar en el transcurso. Sí, está hablando y me relacionas con tu nombre también. Mi nombre es Jimmy Rusin, soy asesor de CAC en Soluciones, ¿sabes? y me lo contestar con ti. Dale, buena tarde.",1.0,Contactado,Saliente
"Hola, si dejas tu nombre y el motivo de tu llamada, revisaré si esta persona está disponible. Muy buenas tardes, Diego me presenta, mi nombre es Mélanie Ramírez, estoy llamando, ese le tiene soluciones. El motivo de mi llamada como tal era para olvidar la existencia que recibieron el día de hoy de la mascotica. Gracias, permanece en la línea. el motivo de mi llamada era para consultar la asistencia que tuvieron el día de hoy vemos registros que se invitaron a una consulta veterinaria de domicilio y queríamos saber cómo les había ido. Ah, sí, bien, gracias. Ellos vinieron y ya revisaron el carrito y todo. De acuerdo, Diego, me da muchísimo gusto que todo haya salido muy bien, sin embargo el día de mañana nos volvemos nuevamente a comunicar contigo para validar cómo sigue Toniéselo, ¿listo? Vale, listo, perfecto. Bueno, Diego, no estamos listos más. Mil gracias por atenderme llamada y que tengas una excelente día. Vale, gracias.",0.0,Contactado,
"¿Cómo estás? Muy bien, muy amable. ¿Señora? No, ¿mascota no? Ah, ok. De pronto esta asistencia te interesa, ¿con qué intención realizaste el registro? No, no. Gracias. Vale, ya eres. Gracias.",0.0,Contactado,
"Bueno, claro. Sí, yo la mismo, la misma. Aquí como a Adripada, ha estado muy enfermita. ¿O lo estás buscando directamente para ti o es otro plan asistencial que estás buscando información? Eso como que yo no entiendo cómo es eso. Cagli vení a escuchar, yo no entiendo muchas cosas. Eso como que como así es. ¡Vení Cagli! Eso como para qué, amigo. de llanta y asesoría jurídica. En este caso tú realizaste el registro buscando más información sobre esta pauta publicitaria y por eso yo me estoy contactando contigo el día de hoy. No, papá, yo soy muy viejita, yo soy una viejita, ¿y para qué me pongo en eso? Yo soy una viejita de 70 años. Ok, vale, perfecto, señora, por lo que acabo de escuchar es un registro de reunión que realizaste. Eres mi amable por atenderme llamada antes, ya voy a cerrar el proceso de la plataforma. Hasta luego, gracias. Ah, bueno, hasta sus órdenes.",0.0,Contactado,
"Aló, aló, aló. Sí, ¿me escuchas? Sí, ya te escucho. Listo Felipe, entonces te estaba confirmando tus datos, entonces nombre completo John Felipe Reyes Hernández con nombre de identificación 1030-657-639 y número de teléfono 302-290-9555, ¿correcto? Sí, perfecto. Me está de acuerdo, en este momento te voy a hacer unas pequeñas preguntas con el fin de enviárselas directamente al profesional para que podamos realizar el Entonces el proceso partilente. Liz, indícame por favor, ¿qué síntomas tienes? No, no, no, no. ¿Tiene algo en el ojo? No, nada, no. ¿Qué edad tienes? 30. De acuerdo. Entonces, en este momento, Felipe, te hago la consulta. ¿Tú crees que el dolor que tienes en este momento en el ojo es importante que vaya directamente al médico o se puede hacer directamente una orientación telefónica con el médico general? Yo creo que puede ir. Es más de pronto a que me reice, que no tenga nada. Y más lo que yo te digo es porque como un solente es de contacto, es por eso, me preocupa hacer eso. Listo, tranquilo. Indícame por favor la dirección de domicilio. Carrera 78B de Bogotá, número 105. Interior 5, apartamento 401. Te confirmo nuevamente, Carrera 78B de Bogotá, número 105. Sí, 105, sí. Vives en conjunto, ¿correcto? Sí, sí. Techo 4. Techo 4. Techo 4. Techo 4. Techo 4. Techo 4. Techo 4. Techo 4. Techo 4. Techo 4. Techo 4. Techo 4. Techo 4. Techo 4. Techo 4. Techo 4. Techo 4. Techo 4. Techo 4. Techo 4. Techo 4. Techo 4. Techo 4. Techo 4. Techo 4. Techo 4. Techo 4. Techo 4. Techo 4. Techo 4. Techo 4. Techo 4. Techo 4. Techo 4. Techo 4. Techo 4. Techo 4. Techo 4. Techo 4. Techo 4. Techo 4. Techo 4. Techo 4. Techo 4. Techo 4. Techo 4. Techo 4. Techo 4. Techo 4. Techo 4. Techo 4. Techo 4. Techo 4. Techo 4. Techo 4. Techo 4. de una más listo yo sí estoy en la unidad de 100 entonces ya voy para mi casa entonces de acuerdo más o menos cuánto te estarías demorando por ahí media hora ok listo vamos a hacer una cosa normalmente las disponibilidades no tienen un ejemplo si tú te demoras por ejemplo media hora es muy posible que lleguen antes listo más sin embargo entonces si tú gustas en media ahorita más o menos entre las 12 y 12 y cuarto te",0.0,Venta,
"Hola. Hola, muy buenas tardes. Me gustó contactarme con Juliet. Juliet, mucho gusto. Te saludo, Jimmy Ruskin. ¿Tienes soluciones? ¿Cómo estás? Hola, buenas tardes. Te saludo, Jimmy Ruskin, que de parte se detiene en soluciones ya que viajaron un registro en Facebook buscando información sobre nuestro programa asistencial para mascotas. Hola. Hola, buenos días.",0.0,Contactado,
"Hola, buenas tardes, estoy comunicando por favor con la señora Margarita. Ya se la comunico. Gracias. Ah, no. Hola, buenas tardes, me comunico por favor con la señora Margarita. Ahá, dígame. Señora Margarita, hola, te habla Tienes Rodríguez, desde que le tienes soluciones. De qué? De que le tienes, señora Margarita. No sé qué es. De qué contacto. Me contacto, nosotros brindamos servicios asistenciales en estos casos. ¿Qué pena no te entiendo, qué me estás diciendo? ¿Te está interesada señora Margarita? ¿Qué estás buscando? No, no, no, no, no, no, no, no, no, no, no, no, no, no, no, no, no, no, no, no, no, no, no, no, no, no, no, no, no, no, no, no, no, no, no, no, no, no, no, no, no, no, no, no, no, no, no, no, no, no, no, no, no, no, no, no, no, no, no, no, no, no, no, no, no, no, no, no, no, no, no, no, no, no, no, no, no, no, no, no, no, no, no, no, no, no, no, no, no, no, no, no, no, no, no, no, no, no, no, no, no, no, no, no, no Hola, buenas tardes. Estamos en el servicio de móvil de acceso para carro o moto. Servicio, usted es tan específicamente de grúa, cambio de llanta, reinicio de batería, ¿correcto? No, nada. No, no soy. ¿Por qué motivo nos contactaron? No, yo no he contatado. ¿Qué número le dijeron? ¿Le dijeron este número? Sí, justo de esta misma línea. nos enviaron un mensaje a través de WhatsApp. Ya no tengo carro ni mochón. Bueno, muy amable, muchas gracias. Gracias. Hasta luego. Hasta luego.",0.0,Contactado,Saliente
"Este es el servicio de contestador para 3, 1, 2, 6, 8, 4, 5, 6, 5, 6. Por favor deja tu mensaje después de escuchar el tono. Si necesitas volver a grabar, presiona la tecla numeral. ya que este prescuelo que sería la dígita diagnóstico del electrodoméstico. Queremos atentos a cualquier novedad que presente. El servicio le confirmo nuevamente que daría finalizado. Que tengan un excelente día.",0.0,Sin Clasificar,Saliente
"Bueno, bueno, bueno, bueno, bueno, bueno, bueno, bueno, bueno, bueno, bueno, bueno, bueno, bueno, bueno, bueno, bueno, bueno, bueno, bueno, bueno, bueno, bueno, bueno, bueno, bueno, bueno, bueno, bueno, bueno, bueno, bueno, bueno, bueno, bueno, bueno, bueno, bueno, bueno, bueno, bueno, bueno, bueno, bueno, bueno, bueno, bueno, bueno, bueno, bueno, bueno, bueno, bueno, bueno, bueno, bueno, bueno, bueno, bueno, bueno, bueno, bueno, bueno, bueno, bueno, bueno, bueno, bueno, bueno, bueno, bueno, bueno, bueno, bueno, bueno, bueno, bueno, bueno, bueno, bueno, bueno, bueno, bueno, bueno, bueno, bueno, bueno, bueno, bueno, bueno, bueno, bueno, bueno, bueno, bueno, bueno, bueno, bueno, bueno, bueno, bueno, bueno, bueno, bueno, bueno, bueno, bueno, bueno, bueno, bueno, bueno, bueno, Me confirmas por favor el recién? Por favor, me voy a comprar. Ok. Algo que se le va por guardar, ¿correcto? Si, entonces yo le haré información de como quedó la cita del interés dental por ese medio para que tenga presente la información. Ya me comunico por ese medio, ¿vale? Ok. Bueno, vale, mucho rezo. Cuanto a él gusta, hasta luego. Hasta luego.",0.0,Contactado,Saliente
"Hola, buenas tardes. Hola, buenas tardes. Por favor, con Javier Frero. Hola Javier, ¿cómo estás? Hablas con la señora Aldana, que se llama de S.L.T.S. Elecciones. ¿Cómo te ha ido? ¿De dónde? Perdón. De S.L.T.S. Elecciones. El que deja su registro con nosotros. Preguntamos sobre el plan de mascotas. Si, pero no sé, no va a ser el viaje todavía. ¿Cuál viaje, perdón? De mascotas. ¿Qué me dicen? Eso es más de viaje, ¿no? Bueno señor, es una serie al reviso para preguntar sobre un plan que precisamente les cubre pues las asistencias de tu mascota ¿Qué mascota tienes? Ah, yo tengo una de maravilla criolla Una ¿Qué perdón? Que te escucho le voy a decir. Una criolla. ¿Una perrita? Criolla. Tiene un perrito criollito. Oh, criollito. ¿Y cómo se llama? De Lupita. Ok, perfecto. Mira, la idea es como tal de este plan que te he puesto un tanto ayer es que Lupita puede ser una de las asistencias. Como ve que nadie ha homicidio, Bueno conmigo ya llevan 4 años por control, de pronto por alguna urgencia y pues eso es algo que obviamente va a interferir en su bolsillo, ¿cierto? Perfecto, ¿qué pasa? Con nosotros la idea es que con el plan de mascotas, en este caso de parte de nuestra empresa, podamos tener como una asiliación a una membresía a Tejalupita, que ya durante todo el año, pues pueda tener ciertas asistencias y más asistencias, soluciones pues para este tipo de casos. ¿En qué consiste como sale el plan de Don Javier? Precisamente el plan en que pueda tener como le indicaba que veterinario a en casa o en una clínica de la red es decir que puedan ir decididos de los profesionales pues la subidienda pues para que no tenga que pronto sacar a la pita o que no pueda gastar dinero en lo que sería dentro de este transporte si no más tu no se donde reside en que ciudad esta ubicado en Chiquinquirá o de acá perfecto la idea es validar la cobertura mientras la clínica del sistema de la cobertura que tenemos en Chiquinquirá pero la idea es comentar que más tiene el plan de mascotas, orientación veterinaria telefónica entonces en ejemplo, imagínense que a las 10 de la noche de pronto ve a Lupita que de pronto no está comiendo bien de pronto está decaída su Mercedes se va a preocupar que es algo muy normal porque hoy día pues nuestras mascotas son muy importantes con nosotros, cierto? que si, eso es lo que pasa con nosotros, después va a tener toda la tranquilidad, don Javier de poder levantar el teléfono, generar una llamada y que uno de nuestros profesionales lo atiendan y también el ordenador de la orientación de primeros activos o de un fundado caro que lo requiera telefónicamente, así que lo requiere pues que podamos, e incluso, remitir lo que quede un veterinario a su vivienda, ¿listo? Sí. Es como tal la idea que todos nosotros le asilemos a Lupita, es una semejante clara que está en chiquín y que la voy a caer, ¿cierto? Sí, sí. Listo, entonces directamente en el departamento de Boyacá tenemos cuerpos en lo que es la ciudad de ¿Son las que viajan a mucha Tunja o es casualidad? No, solo chiquinquirá, desde el cuanto viaja a Tunja. Si, si, si, si, si, si, si, si, si, si, si, si, si, si, si, si, si, si, si, si, si, si, si, si, si, si, si, si, si, si, si, si, si, si, si, si, si, si, si, si, si, si, si, si, si, si, si, si, si, si, si, si, si, si, si, si, si, si, si, si, si, si, si, si, si, si, si, si, si, si, si, si, si, si, si, si, si, si, si, si, si, si, si, si, si, si, si, si, si, si, si, si, si, si, si, si, si, si, si, si, si, si, si, si, si, si, si, si, si, si, si, si, El producto mensual es 50 mil pesos y le brindamos casi 11 asistencias. y podemos comunicarlo listo. Listo, sumo el servicio. Gracias, muchas gracias. Vale, un saludo, hasta luego, feliz día. Hasta luego, que estés muy bien.",1.0,Contactado,Saliente
"Después del tono, grave sin infraccion. Muy buenas tardes, yo hablo Daniela Lanceres, me estoy comunicando de la línea de asistencia de CELO-Tiene. El motivo de mi comunicación era para poder validar el día de hoy el estado de salud de Ana María Pulido con respecto a un servicio médico telefónico brindado al día de ayer. Queríamos verificar cómo continuamos y recordarles que la línea que ha habilitado 24-7 se presenta alguna novedad, no deuden contactarse con nosotros. Que tengan buen día.",0.0,Sin Clasificar,Saliente
"Hola. Hola, buenas tardes. Buenas tardes. Hablo con Dana. Sí, tengo la. Hola, Dana, ¿cómo estás? Hablo con Dana. Es un rato que conoces en Google, comunicando para la orientación telefónica con el médico general. Quería oirle a contigo si te prestaron mis servicios. Sí, claro, que sí. Perfecto. Quería confirmar contigo lo que pasa es que ya me enviaron un reporte, sin embargo, ellos me indican que es importante enviarte el médico a casa. No sé en ese momento dónde te encuentras, en la universidad o en casita. Esto es la miércoles en la oficina. De acuerdo, deseas que te envíe el médico directamente a la... No sé, si pudiera dar, y te das un caso para por la tarde, no es que te llegues en la casa. De acuerdo, es importante que tengas presente, no se puede agenda, ya que todo el tiempo están llamando para pedir los médicos, entonces no puedo parar los médicos ahorita para que puedan llegar a la hora que comunique. Es importante que tengas presente que primero debes estar en el punto, en este caso pues en tu casa, para poder pedir el servicio y poder que lo unidades. porque si tú me digas no, yo llego a las cinco, pero es muy probable que no llegues a las cinco, es muy probable que entonces se demoren mucho más de lo normal porque están atendiendo a otras personas, pueden estarles a los del punto. Entonces como para no tener ese tipo de inconvenientes, importante primero que llegues directamente a la casa y cuando ya estés en la casita te vuelves otra vez a comunicar y validamos entonces la distribuida para coordinar el servicio sin ningún problema. Ya tú me indicaras cómo lo deseas manejar. No te estoy escuchando nada. ¿A mí me escuchas? Ya, ya te escucho. ¿Te preguntaba qué servicio ven ahí con estas capturas? De 247. O sea... O sea, no te capismo que llegó a mi casa y yo llamo y como ya suprísabas pues ahí ya lo que tenemos es el servicio. Así es, exactamente. Siempre y cuando lo pidas, hoy mismo. Exactamente. Vuelvo a llegar a la casa con el otro chete de atón y para aquí me agenden. Listo, perfecto. Vale, claro que sí. Vale, muchísimas gracias, el señor Amable. Bueno, con todo gusto que estés bien.",1.0,Contactado,Saliente
"¡Halo! Muy buenas tardes, tenemos que hablar con Colina Hernández José Hernández ¿Qué es? ¿De parte de qué? Me gusta hablar con Hernández, me arrebaté si él tiene soluciones ¿Cómo estás el día de hoy? Ah...halo...halo...halo...halo...halo...halo...halo...halo...halo...halo...halo...halo...halo...halo...halo...halo...halo...halo...halo...halo...halo...halo...halo...halo...halo...halo...halo...halo...halo...halo...halo...halo...halo...halo...halo...halo...halo...halo...halo...halo...halo...halo...halo...halo...halo...halo...halo...halo...halo...halo...halo...halo...halo...halo...halo En este caso es para tu carro, tu moto, me podías indicar el tipo de vehículo que tienes? Ah, no, es mi hija que me puso las leyes porque no tengo ni moto ni vehículo ni carro. De acuerdo, pronto te acuerdes de quién deja el registro sobre el interés? Ah, bueno, pues sí, vamos a dejar la línea porque obvio deje el teléfono. Sí. Vale, listo. Vale, listo, mejor lo... Bien, hasta luego.",0.0,Contactado,Saliente
"¿Cómo se encuentra el día de hoy? Bien, gracias. Me alegra mucho que se encuentre muy bien. Me comento el motivo de mi llamada es porque dejó registrados sus datos, a lo cual se encontraba interesada en nuestro plan asistencial para su vehículo, ¿es correcto? No, no. ¿Cómo? Tengo el nombre de Teresa Cardenas. ¿Cómo se encuentra? No tengo vehículo. De acuerdo, es que sumerce, dejo registrado así sus datos. Sí, tengo otra Teresa. ¿Cómo? ¿Será otra Teresa? No, no creo que sea otra Teresa porque Teresa Cardenas Olaya. Mancilla. Sí, pero sumerce, ¿no es este nombre entonces? ¿Están en su línea, señora Teresa? Sí, sí, sí, sí. ¿De dónde es que me llaman? Deselequienes soluciones. Bueno, voy a dejar la observación hacia donde dejan los datos que estén bien.",0.0,Contactado,Saliente
"Muy buenas tardes. Muy buenas tardes, con Rousy Barra, me estoy comunicando de si le tienen soluciones. Me contacté en ese momento contigo debido a un registro que tenemos, solicitando información acerca de nuestros servicios. ¿Lo recuerdas? Vale, te hago una pregunta. ¿Tienen mascotas en el hogar, perrito, gato? No. Vale. ¿Tema de salud ya lo tienes validado con algún tipo de asistencia?",0.0,Sin Clasificar,Saliente
"Muy buenos días, mucho gusto hablar con el señor Gabriel. ¿Con el habla? ¿De dónde? ¿Cómo está? Muy bien, si podemos ir a llamar al señor Gabriel, es porque quiero saber cómo sigue Felipe, estado de salud. Ah, mejor, mejor. Gracias. Gracias. ¿Y si se le deja una línea, está disponible 24-7 para cualquier persona que pueda llegar a presentarlo, no? Sí, sí, sí, sí, sí, sí, no, muchas gracias, mi hijo. Vamos, si se le deja un buen día, que esté muy bien.",0.0,Contactado,Saliente
"aló aló aló muy buenas tardes tengo un gusto a las con custodia quien llama? es Andrés Barbera que se acabe de su edición, eso no es tenes como que se hace este día de hoy? no no entiendo nada",0.0,Contactado,Saliente
"en estado de salud. Sin embargo, ante cualquier novedad estamos atentos disponible 24-7. Listo, señor, muchas gracias. Con todo el gusto, hasta luego. Hasta luego.",0.0,Sin Clasificar,Saliente
"Y del tono, grave su mensaje. Para finalizar, presione numeral. Muy buenas tardes, mucho gusto. Le habla Johan Casuaredes y le tiene instrucciones. Este mensaje es para el señor Luis Enrique Ramírez, con el fin de confirmar como contiene la Nuestra de Salud Luis Samuel Ramírez Vélez. Le recuerdo que ante cualquier nueva actitud presente en el que le podamos colaborar, estaremos atentos y disponibles 24 a 7. Por el momento, nuevamente le recuerdo que habló con Johan Casuaredes y le tiene instrucciones. Y les debo una excelente tarde. Hasta luego.",0.0,Sin Clasificar,Saliente
"Muy buenos días. Buenos días. Mucho gusto hablar con Andrés Barrera de Se le Tiene Soluciones. ¿Cómo estás el día de hoy? Muy bien. Me alegra mucho que te encuentres muy bien. Te comento, me comunico contigo ya que a través de WhatsApp dejaste registrado el internet en nuestro plan asistencial para tu vehículo. ¿Vale? En este caso, de otro caso, si te buscas esta información, me puedes indicar. ¿Con quién dice usted? Con Se le Tiene Soluciones. ¿Qué le llamaste en los WhatsApp? Dejaste los datos registrados por WhatsApp. De pronto te acuerdes. Que no me acuerdo. Vale, listo. En este momento te voy a juntar un mensaje a través de tu WhatsApp. Me confirma si te llegó. Ahí puedes desear que tú nos escribiste. ¿Me indicas, por favor? que acabé de enviar el mensaje de movilidad. Ah, pues no lo he visto. Vale, listo. Como ahorita llegó la señal, no teníamos señal, nosotros ya hicimos tres días. Por la 5 llega y vuelve y se va, entonces. Vale, listo. De pronto, ¿te acuerdas del interés en nuestro plan de movilidad? ¿Tienes moto, tienes carro? Pues no tengo porque no se maneja. Ah, vale, listo. De pronto dejas tus datos por en... Bueno, bueno, gracias.",0.0,Rechazado,Entrante
"Aló. Buenos días, tiene muy gusto con... Aló, hábleme que estoy ocupado acá en una clínica. ¿Qué necesitas? No sé. Dejo un registro en Facebook buscando información sobre nuestro plan asistencial para mascotas. ¿Me confirma si es correcto esta información? Yo, por favor. Yo no tengo perro. Chao, más bien.",0.0,Contactado,
"Aló, Paola. Hola, Paola, ¿qué tal? ¿Cómo estás? Paola, Daniel, ¿cómo te ha ido? Bien. Ah, bueno, Paola, te estoy llamando porque nos dejaste tus datos a través de nuestras redes sociales, solicitando información sobre el plan mascotas. ¿Lo recuerdas? Ah, bueno, ¿tienes cinco minutos? ¿Soy oportuno? Sí. Ah, bueno, perfecto, bueno. Antes de continuar, me gustaría, por favor, que me des una información. Te voy a hacer una preguntita rápidamente. ¿Qué mascotas tienes, un perro o un gatito? Listo, ¿cuánto tiempo tienes? Uy, se escuchó, se escuchó muy lejos, Pablo, la disculpa, me parece que estás en la calle, ¿cierto? Dame, me voy a dar la telana entonces, Pablo.",0.0,Contactado,Saliente
"¿Aló? ¿Aló? ¿Aló? Me está comunicando de los de Ciudad de la Conchucundi. Sí, señora. Quería informarles que ha recorrido el servicio médico a domicilio. Nos indican que la móvil estaría llegándole próximamente, en los 45 minutos. ¿Listo? Listo, muchísimas gracias. Bueno, que esté muy bien. Hasta luego.",0.0,Contactado,Saliente
"¿Me comunicó con la señora Nelly? Sí. ¿Cómo estás? ¿Cómo te encuentras? Perdón, ¿a quién hablas? Con Paula, señora Nelly, el motivo principal de mi llamada es por qué no suscribiste por WhatsApp. Solídame información sobre el Plan de Salud. Quisiera saber si tienes conocimiento, recuerdas de... No, yo no he llamado eso. Esa es una señora que es de Dubai. de por allá. Es una señora de por allá de Dubai. Le pone a uno mecánicos y te dice que de salud. No, en este caso no somos de Dubai, señora Nelly, directamente somos una empresa donde vendemos planes asistenciales y motos principales. No, no es así, señor Anelis. No, no es así, señor Anelis. No, no es así, señor Anelis. No, no es así, señor Anelis. No, no es así, señor Anelis. No, no es así, señor Anelis. No, no es así, señor Anelis. No, no es así, señor Anelis. No, no es así, señor Anelis. No, no es así, señor Anelis. No, no es así, señor Anelis. No, no es así, señor Anelis. No, no es así, señor Anelis. No, no es así, señor Anelis. No, no es así, señor Anelis. No, no es así, señor Anelis. No, no es así, señor Anelis. No, no es así, señor Anelis. No, no es así, señor Anelis. No, no es así, señor Anelis. No, no es ¿Ves? Ya no tengo el poder de utilizar mi vida. ¿Y si no tiene que trabajar en un desaberto? ¿Yo tengo que contar con lo que yo he de que compré? ¿Sí o no? No, eso no ha sido que ya quiera. Me queda el vacío, no es para nada.",0.0,Contactado,Saliente
"Aló. Sí, con él. Información de qué, porfa. ¿Qué estás buscando? La verdad, no sé de qué me hablas. Yo no estoy buscando planes. ¿Tú utilizas WhatsApp? Sí, utilizo WhatsApp. A través de tu WhatsApp puedes visualizar o dejar un mensaje. Mira, yo te voy a ser sincero. Yo prácticamente para cuestiones así no me meto ni me acepto porque como decía... ¿Por qué motivo no se enviaste el mensaje? ¿Sabes por qué? Porque es que yo he sido víctima de muchos seguimientos, muchas persecuciones, entonces para curarme en salud solamente hago lo preciso. No me gusta cometerme mucho en las redes para editar muchos episodios que me han pasado. Vale, perfecto. Gracias por haber atendido la llamada.",0.0,Contactado,
"Hola, buenas tardes, me estoy comunicando con la señora María Teresa. Sí, de cortesión. Señora María, soy Luthor Rodríguez de Telefimicro, ¿qué tal está? ¿Bien? Bien, bien. Me alegro, señora María, me contacto contigo porque me cambió su mensaje a través de WhatsApp, solicitando más información para nuestros planes asistenciales. Me contacto con el Senado Procureto de Invertir información persimente, ¿oh, sí? ¿Algúnas planes qué? Plan asistencial. ¿Y sobre qué? ¿Y también? ¿A qué va a ser tiempo? Sobre el plan asistencial. Plan asistencial para movilidad, para carro, moto, qué vehículos tienes tú. Yo tengo un Ikea Rio. Los servicios que nosotros brindamos. Servicio de grúa, cambio de llanta, reinicio de baterías, ¿estás buscando esos servicios?",0.0,Contactado,Saliente
"Hola, si dejas tu nombre y el motivo de tu llamada revisaré si esta persona está disponible. Gracias Nicolás Tobar. Permanece en la línea. ¿La información fue clara? Sí, totalmente. Perfecto. El día de mañana, señora Claudia, tenemos en contacto nuevamente contigo con el que le dé saber cómo sigue ese estado de salud, ¿no no? Vale, y me conozco muchísimo. Gracias. Con todo el gusto. Ustedes tienen un buen día. Pronta recuperación. Que estés muy bien. Hasta luego. Gracias.",0.0,Contactado,Saliente
"Me gustaría ver si te acuerdas de un racista para ampliar tu información sobre los planes. Sí, de mascotas. De mascotas, dale, perfecto. En este caso me podrías confirmar si lo buscas para una para varios mascotas. Una. Una, ok, perfecto. ¿Me puedes confirmar qué año tiene tu mascota? Nueve meses. Nueve meses, ok, perfecto. ¿Me puedes confirmar qué res es tu mascota? Es pelín, es canino. Es comeráneo. Ok, perfecto. Mirá que comento. Nosotros manejamos un plan de racismo y la salud y bienes de las mascotas con esa herida y ese interés en total como puedes escuchar pues manejamos el tema de las asistencias porque estamos con la mayoría de los polis a su seguro se enfoca netamente en brindarte como tal una asesoría, una valoración al momento que tu mascota sea enferma pero con nosotros vas a encontrar como una asistencia en este caso que te va a brindar una solución al momento que tu la necesites por ejemplo una de esas asistencias tuyas o la más utilizada por nuestros clientes es el veterinario de homicidio el veterinario vas a tu casa, a veces te queda tu mascote, te den información ¿Me puedes confirmar en qué ciudad recibes actualmente, Catherine? Dile. Me puedes confirmar en qué ciudad recibes tú actualmente para validar nuestra cobertura. En Bogotá. Ok, perfecto. Bueno, pues te quiero comentar que en la ciudad de Bogotá contamos con una cobertura amplia, manejamos más de 200 veterinarias, a la que funcionan en este caso de manera de 24 horas a las 7 de la semana. Por ejemplo, nuestra orientación de la cobertura es de 24 horas a las 7 de la semana. la información en este caso de llamada telefónica con el veterinario funciona de manera unidad ideal para si que te puedas contactar en cualquier momento del día de la mañana, de la noche a veces los mascotas se enferman y es fundamental ayudarlos a la zona veterinaria, ¿cierto? no se si te ha pasado. ¿Si? Ok. Yo creo que tu vas a tener que aclarar que aquí en la terapia de la Pneumatología, ya te están encargando entre $600,000 y casi $100,000 pesos. Con nosotros no vas a pagar incluso ni ese valor mensual por aquí, esas diez asistencias y es netamente pues para sacar un valor en este caso actualmente el valor por este plano asistencial es de 70 mil pesos pero como te comento es prácticamente un ahorro mensual que tu vas a obtener porque la mayoría de las mascaras con ese termán tan seguido, cierto? y pues es algo muy costoso llevar a cada rato la mascota a la veterinaria como nosotros pues puedes utilizarlo en 5 eventos en este punto del año o utilizar la mayoría de asistencias como la videollamada con el veterinario que funciona de 5 eventos al año y también la orientación en este caso de enero de la Comisión de Medicina y Medicina de la Comisión de Medicina y Medicina de la Comisión de Medicina y Medicina de la Comisión de Medicina y Medicina de la Comisión de Medicina y Medicina de la Comisión de Medicina y Medicina de la Comisión de Medicina y Medicina de la Comisión de Medicina y Medicina de la Comisión de Medicina de la Comisión de Medicina de la Comisión de Medicina de la Comisión de Medicina de la Comisión de Medicina de la Comisión de Medicina de la Comisión de Medicina de la Comisión de Medicina de la Comisión de Medicina de la Comisión de Medicina de la Comisión de Medicina de la Comisión de Medicina de la Comisión de Medicina de la Comisión de Medicina de la Comisión de Medicina de la Comisión de Medicina de la Comisión de Medicina de la Comisión de Medicina de la Comisión de Medicina de la Comisión de Medicina de la Comisión y si no lo haces, el costo por una desparacitación es de 200 mil pesos, con nosotros la vas a obtener una vez al año, en cualquier momento que lo puedas obtener en el transcurso de los meses lo puedes hacer y nos vas a dar una prevención. no vas a tener que pagar ningún valor adicional, el valor mensual que vas a cancelar cada mes por obtener estos servicios. Ahora es que según la gente como te notiza, ya que actualmente estamos brindando beneficios a las primeras personas que se afilien en transcurso del día de hoy a mas tarde del día de mañana a mediodía. En este caso el valor normal es 70 mil pesos, si lo tomas el día de hoy o dejas los datos hoy mismo para afiliar a tu mascota mañana o incluso en el transcurso del día de hoy, se quedarían 4903 vale? Katherine escuchas? Hola, sigues ahí? Hola Katherine sigues ahí? Me escuchas?",1.0,Contactado,Saliente
"Hola, ¿cómo estás? Hola, ¿cómo estás? Hola, ¿cómo estás? Hola, ¿cómo estás? Hola, ¿cómo estás? Hola, ¿cómo estás? Hola, ¿cómo estás? Hola, ¿cómo estás? Hola, ¿cómo estás? Hola, ¿cómo estás? Hola, ¿cómo estás? Hola, ¿cómo estás? Hola, ¿cómo estás? Hola, ¿cómo estás? Hola, ¿cómo estás? Hola, ¿cómo estás? Hola, ¿cómo estás? Hola, ¿cómo estás? Hola, ¿cómo estás? Hola, ¿cómo estás? Hola, ¿cómo estás? Hola, ¿cómo estás? Hola, ¿cómo estás? Hola, ¿cómo estás? Hola, ¿cómo estás? Hola, ¿cómo estás? Hola, ¿cómo estás? Hola, ¿cómo estás? Hola, ¿cómo estás? Hola, ¿cómo estás? Hola, ¿cómo estás? Hola, ¿cómo estás? Hola, ¿cómo estás? Hola, ¿cómo estás? Hola, ¿cómo estás? Hola, ¿cómo estás? Hola, ¿cómo estás? Hola, No estoy en agua, te lo dije. De acuerdo, ¿alguna razón? ¿No tiene especial? No, estoy haciendo otro curso en el Senado, no me queda tiempo. De acuerdo, listo, deja la observación y descubro el cómo día, un buen día. De la observación.",0.0,Sin Clasificar,Saliente
"¿Aló? ¿Aló? Muy buenas tardes, se me gusta contactarme con Alma Nurimontoya Sí, con ella Alma, me es un gusto te saludar y me gusta que ella se le tiene soluciones ¿Cómo estás? ¿De dónde me llamo? De se le tiene soluciones, me estoy comunicando contigo porque hace un fórmula letrada desde Facebook en el cual se busca información sobre nuestro plan premium Me gustaría validar si lo buscas, en este caso para nuestro plan de hogar, de movilidad, de mascotas o algún un especifico, cuéntame No, no, no, yo por ahora no Disculpe, no, no se si no me ha gustado, por ahora no... No, no, no, no, por ahora no Muchas gracias",0.0,Contactado,Saliente
"¿Aló? ¿Aló? ¿Aló? Muy buenos días, muy bien. ¿Con quién estamos? Con... Yol Rómez. ¿Con Yol Rómez? Sí, es correcto. ¿Se me gusta comentar con él? Sí, señor. ¿Con Yolanda Romero? Ah, muy bien. Muy bien. Muy bien. Muy bien. Muy bien. Muy bien. Muy bien. Muy bien. Muy bien. Muy bien. Muy bien. Muy bien. Muy bien. Muy bien. Muy bien. Muy bien. Muy bien. Muy bien. Muy bien. Muy bien. Muy bien. Muy bien. Muy bien. Muy bien. Muy bien. Muy bien. Muy bien. Muy bien. Muy bien. Muy bien. Muy bien. Muy bien. Muy bien. Muy bien. Muy bien. Muy bien. Muy bien. Muy bien. Muy bien. Muy bien. Muy bien. Muy bien. Muy bien. Muy bien. Muy bien. Muy bien. Muy bien. Muy bien. Muy bien. Muy bien. Muy bien. Muy bien No, es que ahorita no he podido, no, es que ahorita me toca, me toca... Sí, no, toca la primera semana de abril. Ah, ok, entiendo. En ese caso es por factor económico, entiendo. Sí, la entiendo. Sí, sí, sí. Ok, en este caso, lo más importante es iniciar con el proceso de asiliación, en ese caso pues tienes un cupo asegurado, lo más importante es iniciar el proceso de asiliación lo más antes posible, ¿vale?, para que no te dejes cuenta de que te podamos aplicar. informas o me comunicas que la primera semana de abril puedas iniciar el proceso yo te puedo ampliar en este caso el tema de procesos de afiliación hasta más tardar la primera semana de abril pero ya ahí pues ya no es por ahí la cuarta semana de abril. Listo, no te hayan visto, por ahí está el 4. Listo, entonces me voy a comunicar contigo el 4 de abril o en la semana de abril para iniciar con el proceso. Listo. Bueno, sí señor. Vale, me voy a llamar por la tienda de leerla.",0.0,Contactado,Saliente
"Buen día. de salud, un plan como tal complementarístico. A ningún día ayer eran esto nada porque el celular lo tenía yo y no comentan eso en ningún servicio de salud. Ah, yo también se registro. Bueno, pero acá está el registro. No, no. No, no. No, no. No, no. No, no. No, no. No, no. No, no. No, no. No, no. No, no. No, no. No, no. No, no. No, no. No, no. No, no. No, no. No, no. No, no. No, no. No, no. No, no. No, no. No, no. No, no. No, no. No, no. No, no. No, no. No, no. No, no. No, no. No, no. No, no. No, no. No, no. No, no. No, no. No, no. No, no. No, no. No,",0.0,Sin Clasificar,Saliente
"de cancelar esos 50.000 pesos al técnico para que proteja con la instalación de ese resort. Pues sí, si se toca para que quede ahí. Sí. Listo. Entonces, los puede cancelar por MESI al siguiente número o también pueden el... Bueno, pero me lo puede mandar por barca. Sabes que estoy justo en un taller y no puedo interrumpir mal la clase. Sí, por la. Me lo manda un laptop y ya. Gracias. Sí, gracias. Sí, me parece que me pude regalar un mensaje. ahora acepté la opción para yo poder continuar la comunicación. Bueno, ¿me lo mandas con mensaje texto? Sí, señora, en este momento ya le envié el mensaje. Me concluye el recién y yo que por. Hmm, que le importante me lo deja. Ya. Ok, entonces ya le envió la información por ese número. Me sigue, me llama. Con gusto, hasta luego.",0.0,Contactado,Saliente
"Hola, buenos días. Me comunico con la señora Marcela. Sí, con ella. Señora Marcela, me presento. Mi nombre es Paula Naranja y directamente el grupo se le cuida como espacio de 50, ¿bien? Bien, gracias. Me alegra muchísimo, señora Marcela. Hemos sido principal de Millanova, es porque usted es un registro mostrando interés en un plan seatón, mal en amor, que en este caso sería un plan, o más cosas. ¿Es correcto? ¿Lo recuerda? Ah, pero, ella, no se puede más, puede ser un plan de datos. ¿Sí? Bueno, señora, este registro muestra su interés para un plan, directamente para su mascota. Ah, bueno, por el momento no, por el momento no, porque estoy como sin trabajo en este momento, no. Pero más adelante, entonces, vuelvo y lo intento. Vale, perfecto, no hay ningún inconveniente, que estoy muy bien a salud.",0.0,Contactado,Saliente
"¿Ese es YouTube o acá? Hola, muy buenos días. Me comunicó con la General de UAC. ¿Me estáis hablando con otra? En que momento me podríais ver a comunicar con ellos, estamos comunicando directamente para abrir la información de la plana de la Instancia de Salud. Por ahí, ahorita. Vale, perfecto. Igualmente eres muy amable, que estés muy bien. Hasta luego. Hasta luego.",0.0,Contactado,Saliente
"Hola. Hola, buenos días. Me comunico con la señora Angélica. Sí. Señora Angélica, me presenta. Mi nombre es Paula. ¿Cómo está? ¿Cómo se encuentra el día de hoy? Bien. Me alegra mucho haberte escuchado. Señora Angélica, la estamos publicando directamente a la empresa. Se le tiene soluciones. El motivo en la que llamamos por siempre es un registro mostrándole intereses en las personas que nos dejamos. ¿Empresa de qué? Sí. ¿Le tiene soluciones? ¿De qué? Ah, no, ya no me interesa. Muchas gracias. Vale. Muchas gracias.",0.0,Rechazado,Saliente
"Este es el servicio de contestador para 3-1-3-4-6-9-4-2-1-6. Por favor deja tu mensaje después de escuchar el tono. Si necesitas volver a grabar, presiona la tecla numeral. estaremos de 10.6 con ILS 24.7. Por el momento nuevamente les recuerdo que hablo con Joanne Casas desde ILS y sin que escupa a Cundi. ILS un excelente tarde. Hasta luego.",0.0,Sin Clasificar,
"Aló. Aló, bienvenida, soy Mariela Salvedo. Señor. Mucho gusto hablar con usted, parmela, decirle que es una locura bien. Ayer poco nos dimis a la leyenda de información sobre nuestro plan premio. Nuestro plan premio, sí o no? Señor. Sí, es un plan premio a lo cual te dimis a las 11.46 y nos haces un poquito por lo ancho que te he encontrado aquí. Es decir, luego la quiero más información. Me dijeron que había traído, que estaba molestando el celular, porque yo no, porque yo estoy en tierra y cama, hijo. Vale, sobre todo, me amaría si me dejara allí a la secuación, que venga un día, hasta luego. Bien, gracias.",0.0,Contactado,Saliente
"Habla muy buenos días, mucho gusto de saludar a Jimmy Rusin que se le tiene soluciones. ¿Con quién tengo el gusto de comunicarme? Te comunico con Catalina. Catalina, me estoy comunicando contigo el día de hoy porque hace un reencontro en Facebook. Me gustan la información sobre nuestro Plan Asistencial para Mascotas. ¿Me confirmas qué mascota tienes para avaliar la información? Plan número.",0.0,Sin Clasificar,
Este es el servicio de contestador para 3-1-3-3-2-1-7-7-4-4. Por favor deja tu mensaje después de escuchar el tono. Si necesitas volver a grabar presiona la tecla numeral. y lo que pongamos es ver si hay un contacto a los que nos otorgó que tengan excelente,0.0,Sin Clasificar,Saliente
"Buenos días, bienvenida a la línea que le tiene soluciones, es la Nicolás Escobar, por que tengo el gusto de hablar. Buenas días, es el licenciado Piscina Agárra, ¿de dónde es? Buenas días, buenas días, es que la puedo asistir. Gracias, y para solicitar la presión de esta lista. ¿Es para usted la lluviana? Sí, sin miedo. ¿Me permite su documento? Es de el Ciclo de Semprar, inicia por favor. Sí, es 1030. Sí. Sí, 19, 042. Si señor. No, es mi escudo. Si, su malestar. Le doy el número de... sí señor indicame por favor tu nombre? Joana Ramírez React por favor 33 a este número no me lo te le pongo, nos podemos poner en contacto en casa de cualquier novedad sí señor indicas la dirección donde estás por favor? casa de 5260 606 casa, sí? sí señor número 47 dios sí Si señor Sur ¿Esta dirección le pertenece a una casa, conjunto, edificio? Es una casa ¿Algún piso en especial? No, no tiene ¿Qué barrio es este? La Coruña ¿La Coruña? Si señor ¿En la ciudad de Bogotá? Si señor, en Bogotá Díganme por favor, si no están normales ¿Qué sintas más que 80? Tengo un dolor bajito sobre la zona del útero ¿Tienes alguna presión de médico que vamos en el enredo? ¿Tienes alguna alergia, algún medicamento o alimento? como una idosina a noche. Listo, perfecto. Y en el contexto de estos datos, Embrace le comunicará a un profesional contigo que les indicará a nosotros cómo proceder, ¿de acuerdo? Bueno, gracias mi amable. Es mucho gusto, le deseo un buen día, que esté muy bien.",0.0,Rechazado,Entrante
"Hola, muy buenos días. Muy buenos días. Mucho gusto, te saludo a Jimi Rusin, que ese es el que tiene soluciones. ¿Cómo estás? Bien, gracias, a Dios. Ok, me alegro muchísimo que estés Miguel. Le estoy contestando contigo porque te habíamos dado información la semana pasada sobre nuestro plan asistencial para mascotas, y no nos dimos a quiénes respuestas. Me gustaría ver y hacer un cuento con dudas, preguntas e inquietudes sobre el valor o sobre el plan asistencial. Cuéntame. No, lo que pasa es que ya, o sea, si escribí eso porque yo era el alegrático que tenía. No, no, no, no, no, no, no, no, no, no, no, no, no, no, no, no, no, no, no, no, no, no, no, no, no, no, no, no, no, no, no, no, no, no, no, no, no, no, no, no, no, no, no, no, no, no, no, no, no, no, no, no, no, no, no, no, no, no, no, no, no, no, no, no, no, no, no, no, no, no, no, no, no, no, no, no, no, no, no, no, no, no, no, no, no, no, no, no, no, no, no, no, no, no, no, no, no, no, no, no, no, no, no, no, no, no, no, no, no, no, no, no,",0.0,Contactado,Saliente
"Sí, señor Carlos, el motivo de comunicación es porque quisiéramos saber cómo continúa en esta vez saludos ahí. Estoy incapacitado, en incapacidad de ayer y hoy, estoy por aquí tramitando unos exámenes que me enviaron. Pero apareció una mejoría, los síntomas persisten. No, sigo igual, pero pues depende de los exámenes, me saque no es. Bueno, en este caso sí, con las recomendaciones que le han hecho de pdc1 y una mejoría, él se puede comunicar con nosotros y la verificaríamos cómo proceder. Le recuerdo que estaríamos atentos y exponerle el 24-7 a su comunicación, ¿vale? Listo, claro, muchísimas gracias. Con todo el gusto, les de una pronta recuperación y un excelente día. Gracias, un lindo día también.",0.0,Contactado,Saliente
"¿Puedo sentirlo con Melanie Romero? ¿Con quien tengo el uso? No. Aló. Aló, ¿con quién tengo el uso? ¿Con Melanie con quién tengo el uso? Melanie, ¿cómo estás? Hablas con Diana Armando. Es acá de las posiciones de Compacundi. ¿Cómo estás, Diana? ¿Cuéntanos en qué te puedo ayudar? ¿Señora? ¿En qué te puedo ayudar? Que venga, estamos con una pañerita que... ¿Perdoname? Perdoname, perdoname, perdoname, perdoname, perdoname, perdoname, perdoname, perdoname, perdoname, perdoname, perdoname, perdoname, perdoname, perdoname, perdoname, perdoname, perdoname, perdoname, perdoname, perdoname, perdoname, perdoname, perdoname, perdoname, perdoname, perdoname, perdoname, perdoname, perdoname, perdoname, perdoname, perdoname, perdoname, perdoname, perdoname, perdoname, perdoname, perdoname, perdoname, perdoname, perdoname, perdoname, perdoname, perdoname, perdoname, perdoname, perdoname, perdoname, perdoname, perdoname, perdoname, perdoname, perdoname, perdoname, perdon 1-031-651-489 Dame un segundo por favor Diana te confirma el nombre completo de ella, ya es mi carroso rojas correcto? Si señora Indícame que edad tienes? A mi como eres, ah ya acabo de decir 19 años Me indicas por favor el número de teléfono de ella si te están hablando? O sea, porque si digo algo que te digo no pueden contestar lo que está... No, no, no, es que no es para que ella conteste en este momento sino para tener registro ¿Cómo se alumina el teléfono? Espérame a ver, médica. Tranquila. ¿Séñora, perdóname? ¿Ya admito que sufren algo? O sea, solo que se sienten ya nomás. ¿Se sale de que algún medicamento? No, no, no. Se le ha tomado un medicamento desde que empezó el ataque. acá los oficinal de contopundi calle 53 número 10 39 sexto piso ellas se encuentran en este momento en el sexto piso o tienen un lugar en donde la puedan atender? aquí tenemos el punto primero sozino indícame por favor en que piso esta ese punto para poderles indicar ahí tercer piso y ya igual estamos bajando a ella para acá porque está en la localidad de los ricos todos es un chapinero El número 1039 me dice que está en el tercer piso, ¿correcto? Sí señora, sí señora, ahí se dio corto con el número. Diana, ese es tu número, ¿en cuál tú me estás llamando? ¿en 320? Sí señora. Listo, entonces te voy a pedir entre 5 y 10 minutos, me voy a comunicar directamente con las personas que están en ese momento disponibles. Sí señora. Entre 5 y 10 minutos me estaría nada más te comunicando contigo para indicarte el tiempo de arribo del profesional y nombre del profesional. Listo. Vale, listo, sí señora, listo. Bueno Diana, que tengas un buen día. Gracias. Venga, venga.",0.0,Contactado,Entrante
"Muy buenas tardes, hola contrabanca, tu eres el que me soluciones, con quien tengo el gusto? Hola, mi nombre es Juan Pérez. Si, señor, ¿en qué le puedo colaborar? Por favor, donas, asistencia, veterinaria. Y dígame por favor el documento en titular. 1110-497-265. Ok, permítame un momento y te regreso con usted. Gracias. Agradezco, por su perdonación, ¿es una reza o no? Reina, reina, si tenes más. Tranquilo, dígame por favor, ¿cuáles son los síntomas que presentas más a tu vida? es que mi mamá acabo de comprar un veneno de ratón, de parás ratón, lo ofreció en un escumeo, la perra lo cogió entonces en ese momento no tiene síntomas loco ahí, ingerido entonces está así, la perra no lo está dando, vamos a pegarle el curo y todo pero en este momento, es la urgencia que yo tengo el veneno, así se quedó al comer ¿hace cuánto sucedió? hace 15 minutos, 5 a 10 minutos ¿hay alguna pesca en el tenenco quizás? No, de la tierra no ¿Albert ya hace pronto? Tampoco ¿Algún medicamento en específico que le hayan dado o que puede cambiarle en este momento? No ahorita no, solo le están dando botanera en crudo ¿A que botanera? A botanera en crudo, o sea, tocha o mica Ok, bueno en este caso lo recomendable sería la reintensión de terminales telefónicas ya que exista la posibilidad de que te hagan asistir a unas clínicas de terminales para arlemanejo, sin embargo, pues eso ya no lo informaré ¿Cómo se llama la mascota? Soy ¿Qué rata es? Es un gredo ¿Aproximadamente da cuánto pesa? Está pesando por unos 20 kilos ¿Y qué edad tiene Suey? 9 en hechos de este momento, ¿visto?",0.0,Contactado,Entrante
"Aló, muy buenos días, ¿Tenéis que contactarme con Evin Prada? Sí señor Evin, mucho gusto, ¿Cómo estás? Te saluda a Evin Rusin, ¿Qué se le tiene soluciones? ¿Cómo te encuentras el día de hoy? Sí, muy bien, ¿Y yo con quién hablo? Te saluda a Evin Rusin, ¿Qué se le tiene soluciones? Mira, me estoy contactando contigo porque haces un registro en Facebook, busca una información sobre el tan asistencial de movilidad que nosotros manejamos y nos gustaría validarte de informaciones correctas, Evin. No, señor, entonces yo no tengo ninguna información. Ok, entiendo. ¿Tú estás buscando un pedazo esencial para tu... ¿Tienes moto o tienes vehículo? No, no, señor. Yo quería saber dónde está la ubicación de la venta de las motos para yo... para yo ir personalmente. No, señor, nosotros no manejamos. Nosotros no somos un concesionario de motos. Somos una entidad que brinda planes asistenciales para motos y carros. Ah, todo es mequivoque de... no mire bien. Ok, perfecto. Vale, vale. Hola, ¿qué tal?",0.0,Contactado,Saliente
"Hola, buenas tardes. Buenas tardes. Por favor, conmigo. Sí, con quien hablo. Hablas con Margarita Diego, me comunico a ese lequínico Luis Gávez, ¿cómo está? Bien, sí señora. Qué bueno escuchar que este siguiente contacto, ya que tuvimos la oportunidad de brindarte información acerca de nuestra asistencia a nuestro plan manada, fue una asistencia para tu mascota. Y se grabaría contigo si pudiste revisar la información, de pronto si tienes alguna duda, alguna pregunta del servicio. No, no señora. ¿Señora? No, nada. Ok, pero tú no has escribido, pero el de las informaciones acerca de nuestra asistencia. Lo que pasa es que como yo tengo un niño casi de dos añitos y el niño pues yo me lo llevo para el trabajo y yo para entretenerlo, pues le presto el teléfono tal vez en eso, pues yo como el cojice, se mete por allá, yo le pongo los videos y el cojice se mete por allá, ¿cuál está ahí? ¿alta y eso? que le envió el mensaje. Vale, no te preocupes igual ya haré el observo que eres muy amable. Bueno, vale. Sí señora, hasta luego.",0.0,Contactado,Saliente
"Hola. Hola, buenas días. Hola, buenas días. Hablo con David. Sí. Hola, ¿cómo estás? Hablas con Dela, me hace un par de horitas, no sé si hemos comunicado para el médico a domicilio, si voy a validar contigo, si la profesional llegó al punto. Sí, señora, está totalmente acá. Sí, está perfecto, no te molesta más. Vale, gracias.",0.0,Contactado,Saliente
"Hola, buenas tardes. Hola, ¿cómo se me invita? Buenas tardes, ¿se me dice contactarme con Gloriana? No, espera, espera, espera. ¿Qué se me dice? Gloriana, es mucho gusto que saluda aquí en el recimpe, se le tiene por qué a tu registro en el cual estás buscando información sobre nuestros planes asistenciales, ¿es correcto? ¿De dónde? Se le tiene, te acaba de enviar un mensaje en el cual te comparto información de talidad sobre nuestros planes de salud, hogar, vehículos y mascotas. Ay ven en el momento que tiene una vista, para mañana si, porfa. Ok, bueno, si yo te comparto información.",0.0,Contactado,Saliente
"No, no, no, no, no, no, no, no, no, no, no, no, no, no, no, no, no, no, no, no, no, no, no, no, no, no, no, no, no, no, no, no, no, no, no, no, no, no, no, no, no, no, no, no, no, no, no, no, no, no, no, no, no, no, no, no, no, no, no, no, no, no, no, no, no, no, no, no, no, no, no, no, no, no, no, no, no, no, no, no, no, no, no, no, no, no, no, no, no, no, no, no, no, no, no, no, no, no, no, no, no, no, no, no, no, no, no, no, no, no, no, no,",0.0,Sin Clasificar,Saliente
"Hola, buenos días, tengo el gusto de hablar con Heider. Sí, señora, con él. Heider, ¿cómo estás? Te saludan y con él le piden soluciones. Heider, me estoy comunicando contigo porque dejaste tu registro solicitando información sobre nuestro plan asistencial para mascotas, ¿correcto? Sí, señora. Heider, ¿en qué ciudad estás ubicado? En Nueva York. Listo, ¿qué mascota tienes? Estamos de... Y el alumnismo, el cachorrito, que no tiene 45 días. Y qué precio tenés el plan? y hasta en $41,900. Precio mensual, no tienes que pagar ningún copago, no tienes que hacer pagos adicionales, eso te cubre todos los servicios. Bien, hasta luego. Hasta luego, feliz día.",0.0,Contactado,Saliente
"Hola. Hola, buenos días. Conocí a Janice Leones. Sí, de parte. Mucho gusto. Mi nombre es Antón Lera, especialista de... ¿Cómo se encuentra el día de hoy? Bien, gracias, Dios. Me alegra mucho que se encuentre muy bien. Le comento rápidamente, senora Janice, me comunicó contigo porque anteriormente registraste tu interés en nuestros servicios en cuanto a un plan de salud para ti. ¿Es correcto? Ajá. Listo. Entonces, es para brindarte un poco más a fondo la información, ¿vale? Ah, bueno. Listo, te comento esto rápidamente. En qué consiste. Vas a poder contar con un plan de salud. Principalmente pensando en ti, en ahorrar costos e incluso también tiempo.",0.0,Contactado,Saliente
